[{
  "_id": {
    "$oid": "60ca2b0859193d8a4d42abdf"
  },
  "productId": [
    {
      "$oid": "6089b1a36ef0ec23b6b21262"
    },
    {
      "$oid": "6085c83f25e0631dd05418a4"
    },
    {
      "$oid": "6089b13f6ef0ec23b6b21261"
    }
  ],
  "customerId": "60a2a33d61cbeb6d93184364",
  "orderId": "order_HNnmckmlI4Yfvo",
  "paymentId": "pay_HNnmiI6i43Ofn6",
  "signature": "8aa36561468fb542120bcae2b04fc8266042b0eea2b49ede51252e23b1b67a05",
  "amount": 206,
  "purchasedAt": {
    "$date": "2021-06-16T16:47:04.262Z"
  },
  "__v": 0
},{
  "_id": {
    "$oid": "60ca2b912e19dc8acf29284e"
  },
  "productId": [
    {
      "$oid": "6089b1a36ef0ec23b6b21262"
    },
    {
      "$oid": "6085c83f25e0631dd05418a4"
    },
    {
      "$oid": "6089b13f6ef0ec23b6b21261"
    }
  ],
  "customerId": "60a2a33d61cbeb6d93184364",
  "orderId": "order_HNnp1zqWV22laI",
  "paymentId": "pay_HNnp8bVxf7y6hv",
  "signature": "8aaa5c69779ab0b9b682b5f1024df349de8a406de01675734d4d4261d93e6836",
  "amount": 206,
  "purchasedAt": {
    "$date": "2021-06-16T16:49:21.349Z"
  },
  "__v": 0
},{
  "_id": {
    "$oid": "60ca2bfe79aff68b68c53fb4"
  },
  "productId": [
    {
      "$oid": "6089b1a36ef0ec23b6b21262"
    },
    {
      "$oid": "6085c83f25e0631dd05418a4"
    },
    {
      "$oid": "6089b13f6ef0ec23b6b21261"
    }
  ],
  "customerId": "60a2a33d61cbeb6d93184364",
  "orderId": "order_HNnqylWuX3I81l",
  "paymentId": "pay_HNnr3cFyWyojxn",
  "signature": "389c12edb597833f91297c5982214106506257e6c6b9d1b690986c2d2b2cd9f0",
  "amount": 206,
  "purchasedAt": {
    "$date": "2021-06-16T16:51:10.490Z"
  },
  "__v": 0
},{
  "_id": {
    "$oid": "60ca2cd8a443598bfaaf34c6"
  },
  "productId": [
    {
      "$oid": "6089b1a36ef0ec23b6b21262"
    },
    {
      "$oid": "6085c83f25e0631dd05418a4"
    },
    {
      "$oid": "6089b13f6ef0ec23b6b21261"
    }
  ],
  "customerId": "60a2a33d61cbeb6d93184364",
  "orderId": "order_HNnunmOfjCcl60",
  "paymentId": "pay_HNnutmZ6NFAt4g",
  "signature": "1cf581568c0ac1152371a9e4fbb35f70eb2986fe90aeea0e84f4af7ab680df7c",
  "amount": 206,
  "purchasedAt": {
    "$date": "2021-06-16T16:54:48.240Z"
  },
  "__v": 0
},{
  "_id": {
    "$oid": "60ca2d590d2c6a8c8ecc2cfe"
  },
  "productId": [
    {
      "$oid": "6089b1a36ef0ec23b6b21262"
    },
    {
      "$oid": "6085c83f25e0631dd05418a4"
    },
    {
      "$oid": "6089b13f6ef0ec23b6b21261"
    }
  ],
  "customerId": "60a2a33d61cbeb6d93184364",
  "orderId": "order_HNnx4uw9vMQKkw",
  "paymentId": "pay_HNnxAHQ6kyhTPa",
  "signature": "3ac7bc2891ad064b0f7eab3b62b6fa0de4fa701006894a003d62e94fe377a7f9",
  "amount": 206,
  "purchasedAt": {
    "$date": "2021-06-16T16:56:57.331Z"
  },
  "__v": 0
},{
  "_id": {
    "$oid": "60ca2ee2af100a8e574aed8b"
  },
  "productId": [
    {
      "$oid": "6089b1a36ef0ec23b6b21262"
    },
    {
      "$oid": "6085c83f25e0631dd05418a4"
    },
    {
      "$oid": "6089b13f6ef0ec23b6b21261"
    }
  ],
  "customerId": "60a2a33d61cbeb6d93184364",
  "orderId": "order_HNo3yAV0RXTJF4",
  "paymentId": "pay_HNo44a1QoIHAuE",
  "signature": "fbbefaa8cef77af81a776d859f8ba04f0bb4c0c12ea09aeb4834b0e1e70c809c",
  "amount": 206,
  "purchasedAt": {
    "$date": "2021-06-16T17:03:30.790Z"
  },
  "__v": 0
}]