[{
  "_id": {
    "$oid": "605e87d9d095aa12ecd2781c"
  },
  "title": "third Title",
  "subtitle": "assdfsd",
  "image": "http://localhost:3000/images/b-g-_-1-.-j-p-g1619636845206.jpg",
  "__v": 0
},{
  "_id": {
    "$oid": "605e8801d095aa12ecd2781d"
  },
  "title": "first Post",
  "subtitle": "adw",
  "image": "http://localhost:3000/images/b-g-_-2-.-j-p-g1619636854175.jpg",
  "__v": 0
},{
  "_id": {
    "$oid": "60631eaea6d97e09861b0479"
  },
  "title": "first slide",
  "subtitle": "this is the sides",
  "image": "http://localhost:3000/images/b-g-_-3-.-j-p-g1619636866423.jpg",
  "__v": 0
}]